{"algorithm": "xgboost-tuned", "best_params": {"xgbregressor__subsample": 0.7, "xgbregressor__reg_lambda": 1, "xgbregressor__reg_alpha": 1.0, "xgbregressor__n_estimators": 600, "xgbregressor__min_child_weight": 3, "xgbregressor__max_depth": 4, "xgbregressor__learning_rate": 0.03, "xgbregressor__colsample_bytree": 1.0}, "cv_score_neg_rmse": -160660.72446353867, "r2_train": 0.8806062205756244, "r2_test": 0.7785328645798396, "rmse_train": 124493.31373450204, "rmse_test": 182013.0287979508, "mae_train": 77055.76061138873, "mae_test": 91652.17935499168, "medae_train": 48249.875, "medae_test": 52020.96875, "n_train": 16209, "n_test": 5404}