{"algorithm": "knn", "r2_train": 0.8414559657798275, "r2_test": 0.7281197495878695, "rmse_train": 143459.76973396257, "rmse_test": 201667.84760681528, "mae_train": 76230.68676661114, "mae_test": 102063.88575129534, "medae_train": 42600.0, "medae_test": 54535.0, "n_train": 16209, "n_test": 5404}